variable,R2,1-SMAPE
var_0,0.9427589438855648,0.9675994738936424
var_1,0.8634260445833206,-0.2217574119567871
var_2,0.3365635871887207,0.35088425874710083
